ID,brand,display_size,Processor_name,Hard_disk_size,RAM_Size,Model_name,Color,security_Number,RAM_Type,warranty,Touchscreen,Graphic Processor,Suitable For,Speakers,Screen Type,Power Supply,Keyboard
0,HP,15.6,Intel Core i9-12900K,20 TB,128GB,HP Victus 15,Off Black,90NR08G2-M007S0,DDR5,1,No,NVIDIA GeForce RTX 3070 Ti,Gaming,Four built-in speakers,"WQHD, IPS-level, 300nits, Contras 1000:1, Anti-glare display",280 W AC Adapter,Backlit Chiclet Keyboard Per-Key RGB
1,ASUS,15.6,AMD Ryzen 5 5500 ,20 TB,64GB,ASUS-TUF Gaming A1,Off Black,90NR0872-M007L0,DDR5,1,No,NVIDIA GeForce RTX 3070 Ti,Gaming,Four built-in speakers,"WQHD, IPS-level, 300nits, Contras 1000:1, Anti-glare display",280 W AC Adapter,Backlit Chiclet Keyboard Per-Key RGB
2,ASUS,14.1,AMD Ryzen 5 5600,16 TB,128GB,ASUS -ROG Strix G17,Mica Silver,552X1PA#ACJ,DDR4,1,No,NVIDIA GeForce RTX 3050,Gaming,Built-in Dual Speakers,"Full HD, 144 Hz, 7 ms response time, IPS, micro-edge, anti-glare, Low Blue Light, Brightness: 300 nits, 137 ppi",,"Full-size, backlit, mica silver keyboard with numeric keypad"
3,HP,15.6,Intel Core i9-10980XE,20 TB,128GB,HP Omen 16,Shadow Black,82K201RSIN,DDR4,1,No,NVIDIA GeForce RTX 3050,Gaming,Stereo Speakers,"Full HD Anti-glare Display, 250nits Brightness, 120Hz, 45 Percent NTSC, DC Dimmer",Slim Tip 3-pin Power Adapter,English Backlit Keyboard
4,HP,15.6,Intel Core i9-9980XE,20 TB,128GB,HP Omen 16,Slate Grey,1LS2B001653,DDR4,0,Yes,Intel Integrated Intel,"Processing & Multitasking, Entertainment, Everyday Use, Performance, Travel & Business",Inbuilt,Full HD,65W Type-C Adaptor,Backlit
5,Lenovo,15.6,AMD Ryzen Threadripper 2950X,20 TB,64GB,ThinBook 14,Slate Grey,82A300MBIN,DDR4,1,No,Intel Integrated Iris Xe Graphics,Processing & Multitasking,2 x 2W front-facing Dolby Atmos? Speaker System,"14"" FHD (1920x1080) | IPS Technology | 300Nits Brightness |100% sRGB",65W USB-C AC Adapter,English Backlit Keyboard
6,HP,15.6,AMD Ryzen 5 7600X,16 TB,128GB,HP specture x360,Iron Grey,PF9XB1C14047,DDR4,1,No,Intel Integrated Intel HD,"Everyday Use, Entertainment, Travel & Business, Processing & Multitasking",,Full HD,65W Type-C Adaptor,"Full-size, backlit, mica silver keyboard with numeric keypad"
7,ASUS,14,Intel Core i7-12700H,16 TB,64GB,ASUS -EB520,Abyss Blue,82ND007VIN,DDR4,0,Yes,AMD Radeon Integrated AMD Radeon? Graphics,Processing & Multitasking,"Stereo Speakers, Dolby Atmos","13"" FHD (1920x1080) | IPS Technology | 300 Nits Glossy | Touch",45 W AC Adapter,English Backlit Keyboard
8,DELL,15.6,Intel Core i9-celeron,16 TB,64GB,Inspiron 16 ,Black,FX506LH - HN310WS,DDR4,1,No,NVIDIA GeForce GTX 1650,"Gaming, Entertainment, Processing & Multitasking, Everyday Use, Performance",DTS software Built-in array microphone Built-in speaker 2-speaker system with Smart Amplifier Technology,"15.6-inch, FHD (1920 x 1080) 16:9, anti-glare display, sRGB:62.5%, Adobe:47.1%, Refresh Rate:144Hz, Value IPS-level, Optimus","150W AC Adapter, Output: 20V DC, 7.5A, 150W, Input: 100~240V AC, 50/60Hz universal",Backlit Chiclet Keyboard RGB
9,Lenovo,15.6,Intel Core i9-11900K,16 TB,128GB,IdeaPad Flex i5,Carbon Black,D560756WIN9BE,DDR4,2,No,Intel Integrated UHD Graphics,Everyday Use,Yes,"HD, AG Narrow Border",,English International Non Backlit Keyboard
10,HP,15.6,AMD Ryzen 7 7700X,20 TB,128GB,HP Enuy 17,Carbon Black,D560766WIN9BE,DDR4,1,No,AMD Radeon Radeon Graphics,Everyday Use,Yes,HD AG Narrow Border,,English International Non Backlit Keyboard
11,HP,15.6,Intel Core i9-10900K,20 TB,128GB,HP Enuy 16,Platinum Silver,ICC-C786502WIN8,LPDDR4X,1,No,Intel Integrated Iris Xe,Processing & Multitasking,Yes,Full HD WVA Infinity Edge,,Backlit Keyboard
12,HP,15.6,AMD Ryzen 9 7900X,20 TB,128GB,HP Chromebook 11a,Slate Grey,82N7000AIN,DDR4,1,Yes,AMD Radeon Integrated AMD Radeon Graphics,Processing & Multitasking,2 x 2W front-facing Dolby Atmos? Speaker System,"35.5cms (14) FHD IPS (1920 x 1080) 300 nits, wide-viewing angle touchscreen, 72% NTSC, 16:9 aspect ratio, anti-glare",65 W AC Adapter,English Backlit Keyboard
13,Lenovo,14,Intel Core i9-10850K,16 TB,128GB,Idea slim i5,Black,FA506IC-HN075W,DDR4,2,No,NVIDIA GeForce RTX3050- 4GB,Gaming,Built-in Dual Speakers,Full HD,65W Type-C Adaptor,"Full-size, backlit, mica silver keyboard with numeric keypad"
14,ASUS,15.6,Intel Core i7-11700K,16 TB,128GB,ASUS-TUF Gaming A1,Silver,M515DA-BR322WS,DDR4,1,No,AMD Radeon amd redeon,"Entertainment, Everyday Use, Processing & Multitasking, Travel & Business",,Full HD,65W Type-C Adaptor,"Full-size, backlit, mica silver keyboard with numeric keypad"
15,DELL,14,Apple M1 Max,20 TB,64GB,Dell latitude 3560,Black,GV301QH-K6461TS,LPDDR4X,1,Yes,NVIDIA GeForce GTX 1650,"Gaming, Processing & Multitasking",Built-In Dual Speakers,"WUXGA LED Backlit Glossy IPS-Level Touch Display with Adaptive Sync (16:10 Aspect Ratio, 120 Hz Refresh Rate, 300 nits Brightness, 1000:1 Contrast Ratio, 72% NTSC Color Gamut, 100% sRGB, 75% Adobe, 75% DCI-P3, Pantone Validated)",100W AC Adapter,Backlit Chiclet Keyboard
16,ASUS,14,Apple M1 Pro,20 TB,64GB,ASUS -ROG Strix G17,Black,9S7-154322-418,DDR4,0,No,NVIDIA GeForce RTX 3070,"Processing & Multitasking, Gaming",2 x 2 W Speakers,Full HD IPS Display (100% sRGB),280 W AC Adapter,Per key RGB steel series Keyboard
17,HP,14,Intel Core i9-10910,20 TB,64GB,HP pavilion x360,Hearty Gold,90NB0SG3-M43670,DDR4,1,No,Intel Integrated Intel? UHD Graphics,"Entertainment, Everyday Use, Performance, Processing & Multitasking",Built-in speaker,"15.6-inch, FHD (1920 x 1080) OLED 16:9 aspect ratio, LED Backlit, 0.2ms response time, 600nits peak brightness, 100% DCI-P3 color gamut, 1,000,000:1, VESA CERTIFIED Display HDR True Black 600, 1.07 billion colors, PANTONE Validated, Glossy display, 70% less harmful blue light, SGS Eye Care Display, Screen-to-body ratio: 85 ?",65W AC Adapter,Backlit Chiclet Keyboard with Num-key
18,HP,14,Intel Core i9-11980HK,20 TB,128GB,HP pavilion 15-cs1052TX,Grey,1.30E+11,LPDDR4X,1,No,Intel Integrated Iris Xe,"Entertainment, Performance, Processing & Multitasking",,"Quad HD, 60 Hz Refresh Rate",65W Type-C Adaptor,Backlit Keyboard
19,APPLE,13.3,AMD Ryzen5 7600HX,16 TB,128GB,MacBook Pro,Green,1.30E+11,LPDDR4X,1,No,Intel Integrated Iris Xe,"Entertainment, Performance, Processing & Multitasking",,"Quad HD, 60 Hz Refresh Rate",65W Type-C Adaptor,Backlit Keyboard
20,ASUS,14,AMD Ryzen Threadripper 2920X,16 TB,64GB,ASUS -ROG Strix G17,Blue,1.30E+11,LPDDR4X,0,No,Intel Integrated Iris Xe,"Entertainment, Performance, Processing & Multitasking",,"Quad HD, 60 Hz Refresh Rate",65W Type-C Adaptor,Backlit Keyboard
21,acer,0,Intel Core i9-11900H,20 TB,64GB,Aspier 5 ,Obsidian Black,D560669WIN9B,DDR4,0,No,NVIDIA GeForce RTX 3050 Ti,Gaming,Yes,"Full HD, WVA AG, 300 nits, 165Hz, 100% RGB(SE), Narrow Border",,English International Backlit Keyboard Orange
22,ASUS,15.6,AMD Ryzen 9 5900HX,20 TB,128GB,ASUS -EB520,Grey,D560804WIN9W,DDR4,1,No,NVIDIA GeForce RTX 3050,Gaming,Yes,Full HD IPS Narrow 120Hz 250 nits 45%,,English International Backlit Keyboard Orange
23,HP,15.6,AMD Ryzen Threadripper 1950X,20 TB,128GB,HP strem 14-CB112WM,Matt Black,NU14A1INC43PN-MB,DDR4,1,No,Intel Integrated UHD Graphics,Processing & Multitasking,Yes,"FHD, IPS",65W Type-C Adaptor,"Full-size, backlit, mica silver keyboard with numeric keypad"
24,Lenovo,14,AMD Ryzen 9 5980HS,16 TB,128GB,Idea slim i5,Neutral Grey,90NB0WE1-M007U0,DDR4,0,No,Intel Integrated Iris Xe Graphics,Processing & Multitasking,Built in speaker,"OLED, (Peak brightness 600 Nits, 100% DCI-P3 color gamut)",90W AC Adapter,Backlit Chiclet Keyboard
25,DELL,14,Apple M1 Pro 8-Core,16 TB,128GB,Dell inspiron 16,Indie Black,90NB0WE2-M007X0,DDR4,1,No,Intel Integrated Iris Xe,Processing & Multitasking,Built-in speaker,"OLED, Anti-glare Display, Screen-to-Body Ratio: 85%, 16:9 Aspect Ratio, 90 Hz Refresh Rate, 600nits Peak Brightness, 100% DCI-P3 Color Gamut, Contrast Ratio: 1000000:1",90 W AC Adapter,Backlit Chiclet Keyboard
26,DELL,15.6,Intel Core i9-11950H,16 TB,128GB,Dell latitude 3560,Ponder Blue,90NB0WC1-M00360,LPDDR5,0,No,Intel Integrated Iris Xe,Processing & Multitasking,Built-in Speaker,"OLED, Aspect Ratio: 16:10, 0.2ms Response Time, 90 Hz Refresh Rate, 400nits Brightness, 600nits Peak Brightness, 100% DCI-P3 Color Gamut, Contrast Ratio: 1000000:1, Color Depth: 1.07 Billion, Glossy Display, 70% Less Harmful Blue Light, SGS Eye Care Display, Screen-to-Body Ratio: 90%",65W Type-C Adaptor,Backlit Chiclet Keyboard
27,MSI,15.6,Intel Xeon W-11955M,20 TB,128GB,Galaxy Book2 Pro,Titanium,90NB0WV7-M00090,LPDDR5,2,Yes,Intel Integrated Iris Xe,Processing & Multitasking,Built-in Speaker,"OLED, LED Backlit, Aspect Ratio: 16:10, 0.2ms Response Time, 90 Hz Refresh Rate, 550nits Peak Brightness, 100% DCI-P3 Color Gamut, Contrast Ratio: 1000000:1, Color Depth: 1.07 Billion, Glossy Display, 70% Less Harmful Blue Light, SGS Eye Care Display, Screen-to-Body Ratio: 92%",65W Type-C Adaptor,Backlit Chiclet Keyboard
28,MSI,15.6,AMD Ryzen 7 3800XT,20 TB,128GB,Galaxy Book2 Pro,Indie Black,90NB0WE2-M007V0,DDR4,2,No,Intel Integrated Iris Xe Graphics,Processing & Multitasking,Built in speaker,"OLED, (Peak brightness 600 Nits, 100% DCI-P3 color gamut)",90W AC Adapter,Backlit Chiclet Keyboard
29,ASUS,15.6,Intel Core i7-11850H,20 TB,128GB,ASUS -EB520,Ponder Blue,90NB0WC1-M00370,LPDDR5,1,No,Intel Integrated Iris Xe,Processing & Multitasking,Built-in Speaker,"OLED, Aspect Ratio: 16:10, 0.2ms Response Time, 90 Hz Refresh Rate, 400nits Brightness, 600nits Peak Brightness, 100% DCI-P3 Color Gamut, Contrast Ratio: 1000000:1, Color Depth: 1.07 Billion, Glossy Display, 70% Less Harmful Blue Light, SGS Eye Care Display, Screen-to-Body Ratio: 90%",65W Type-C Adaptor,Backlit Chiclet Keyboard
30,ASUS,15.6,AMD Ryzen 9 5900HS,16 TB,64GB,ASUS -TUF Gaming A1,Neutral Grey,90NB0WE1-M007W0,DDR4,1,No,Intel Integrated Iris Xe Graphics,Processing & Multitasking,Built in speaker,"OLED, (Peak brightness 600 Nits, 100% DCI-P3 color gamut)",90W AC Adapter,Backlit Chiclet Keyboard
31,Lenovo,15.6,AMD Ryzen 7 3700X,20 TB,128GB,Idea slim i5,Titanium,90NB0WV7-M000A0,LPDDR5,1,Yes,Intel Integrated Iris Xe,Processing & Multitasking,Built-in Speaker,"OLED, LED Backlit, Aspect Ratio: 16:10, 0.2ms Response Time, 90 Hz Refresh Rate, 550nits Peak Brightness, 100% DCI-P3 Color Gamut, Contrast Ratio: 1000000:1, Color Depth: 1.07 Billion, Glossy Display, 70% Less Harmful Blue Light, SGS Eye Care Display, Screen-to-Body Ratio: 92%",100W Type-C Adapter,Backlit Chiclet Keyboard
32,realme,14,Intel Core i9-9900KS,20 TB,128GB,Mi notebook Pro,Dune,D552223WIN9D,DDR4,1,No,AMD Radeon Vega 8,Processing & Multitasking,Built-in Speakers,Full HD LED Backlit Anti-glare Display,,English International Non Backlit Keyboard
33,acer,15.6,Intel Core i7-10700K,20 TB,128GB,Asiper 3,Graphite Black,90NR0667-M00060,DDR4,1,No,NVIDIA GeForce RTX 3050 rts,Gaming,Built-in Dual Speakers,Full HD,90W AC Adapter,"Full-size, backlit, mica silver keyboard with numeric keypad"
34,RedmiBook,15.6,Intel Core i9-9900K,16 TB,64GB,RedmiBook mint,Graphite Black,90NR0607-M003K0,DDR4,1,No,NVIDIA GeForce RTX RTX3060-6GB,Gaming,Built-in Dual Speakers,Full HD,90W AC Adapter,"Full-size, backlit, mica silver keyboard with numeric keypad"
35,ASUS,15.6,AMD Ryzen 5 5600X,16 TB,128GB,ASUS -TUF Gaming A1,Transparent Silver,X515JA-BQ511WS,DDR4,1,No,Intel Integrated intel,"Everyday Use, Performance, Processing & Multitasking",,Full HD,90W AC Adapter,"Full-size, backlit, mica silver keyboard with numeric keypad"
36,ASUS,15.6,Intel Core i5-11600K,16 TB,64GB,ASUS -ROG Strix G17,Hearty Gold,90NB0SG3-M29520,DDR4,0,No,Intel Integrated Intel HD Graphics,Everyday Use,Built-in Dual Speakers,Full HD,90W AC Adapter,"Full-size, backlit, mica silver keyboard with numeric keypad"
37,MSI,15.6,Intel Core i7-11800H,16 TB,64GB,Galaxy Book2 Pro,Gray,90NR07N2-M00610,DDR4,2,No,NVIDIA GeForce GTX GTX 1650 4GB Graphics,Gaming,Built-in Dual Speakers,Full HD,90W AC Adapter,"Full-size, backlit, mica silver keyboard with numeric keypad"
38,DELL,15.6,AMD Ryzen 7 5800H,20 TB,128GB,Dell Vostro3510,Indie Black,90NB0RLF-M006T0,DDR4,0,No,Intel Integrated Iris Xe,Processing & Multitasking,Built-in Speaker,"Full HD 16:9 aspect ratio, LED Backlit, IPS-level Panel, 250nits, 45% NTSC color gamut, Anti-glare display",65 W AC Adapter,Backlit Chiclet Keyboard
39,ASUS,15.6,Intel Core i7-10700,20 TB,128GB,ASUS -EB520,Transparent Silver,90NB0SR2-M00C20,DDR4,0,No,Intel Integrated UHD,Processing & Multitasking,Built-in Speaker,"Full HD LED Backlit, IPS-level Panel, 250nits, 45% NTSC color gamut, Anti-glare display",45 W AC Adapter,Chiclet Keyboard with Num-key
40,HP,14,Intel Core i9-7900X,20 TB,128GB,HP elitebook,Obsidian Black,D560738WIN9B,DDR5,1,No,NVIDIA GeForce RTX 3060,Gaming,Yes,QHD WVA AG 240 Hz 400 nits Gsync Discrete LBL Narrow Border,,4 Zone Backlit Keyboard RGB
41,DELL,14,AMD Ryzen 9 4900H,16 TB,128GB,Dell inspiron 16,Dark Shadow Grey,D560822WIN9B,DDR5,1,No,NVIDIA GeForce RTX 3050,Gaming,Yes,Full HD WVA AG 120Hz 250 nits Narrow Border,,4 Zone Backlit Keyboard RGB
42,Lenovo,15.6,Intel Core i9-10980HK,16 TB,128GB,Think pad E14,Dark Shadow Grey,D560737WIN9B,DDR5,1,No,NVIDIA GeForce RTX 3060,Gaming,Yes,Full HD WVA AG 165Hz 300 nits Narrow Border,,4 Zone Backlit Keyboard RGB
43,acer,15.6,AMD Ryzen 7 5800HS,20 TB,128GB,Aspier 5 ,Transparent Silver,90NB0TY2-M16860,DDR4,1,No,Intel Integrated UHD,Processing & Multitasking,Built-in Speaker,"HD (16:9 aspect ratio, 200nits, 45% NTSC color gamut, Anti-glare display)",45 W AC Adapter,Chiclet Keyboard with Num-key
44,realme,14,AMD Ryzen 9 4900HS,20 TB,64GB,Realme Book Prime core,Dark Shadow Grey,D560824WIN9B,DDR4,1,No,NVIDIA GeForce RTX 3050,Gaming,Yes,Full HD 120Hz 250 nits WVA Anti- Glare LED Backlit Narrow Border Display,,English International Backlit Keyboard Orange
45,ASUS,15.6,Intel Xeon W-10885M,20 TB,64GB,ASUS -ROG Strix G17,Obsidian Black,D560739WIN9B,DDR5,1,No,NVIDIA GeForce RTX 3050 Ti,Gaming,Yes,Full HD WVA AG 165Hz 300 nits Narrow Border,,4 Zone Backlit Keyboard RGB
46,Lenovo,15.6,Intel Core i9-10885H,20 TB,64GB,Think pad E14,Dark Shadow Grey,D560823WIN9B,DDR5,1,No,NVIDIA GeForce RTX 3050 Ti,Gaming,Yes,Full HD WVA AG 120Hz 250 nits Narrow Border,,4 Zone Backlit Keyboard RGB
47,Lenovo,15.6,AMD Ryzen 5 5600H,16 TB,128GB,Idea slim i5,Dark Shadow Grey,D560825WIN9B,DDR4,2,No,NVIDIA GeForce RTX 3050,Gaming,Yes,Full HD 120Hz 250 nits WVA Anti- Glare LED Backlit Narrow Border Display,,English International Backlit Keyboard Orange
48,Lenovo,15.6,AMD Ryzen 7 5800U,16 TB,128GB,Idea Pad slim 3i,Pure Silver,UN.A1ESI.018,DDR4,1,No,Intel Integrated Iris Xe,"Entertainment, Everyday Use, Performance, Processing & Multitasking, Travel & Business",Built-in Dual Speakers,Full HD high-brightness Acer ComfyView LED-backlit TFT LCD,45 W AC Adapter,100-/101-/104-key FineTip keyboard with independent numeric keypad
49,Lenovo,14,AMD Ryzen 7 PRO 5850U,20 TB,64GB,Think pad E14,Indie Black,90NB0SG1-M016F0,DDR4,0,No,Intel Integrated UHD,Processing & Multitasking,Built-in Speaker,"Full HD, OLED, 0.2ms response time, 600nits peak brightness, 100% DCI-P3 color gamut, VESA CERTIFIED Display HDR True Black 600, 1.07 billion colors, Glossy display",65 W AC Adapter,Backlit Chiclet Keyboard with Num-key
50,DELL,15.6,AMD Ryzen 7 4800H,20 TB,64GB,Dell inspiron 16,Transparent Silver,90NB0SR2-M01XC0|90NB0SR2-M00R30,DDR4,0,No,Intel Integrated UHD,Processing & Multitasking,Built-in Speaker,"Full HD, LED Backlit, IPS-level Panel, 45% NTSC Color Gamut, Anti-Glare display",45W AC Adapter,Chiclet Keyboard with Num-key
51,DELL,15.6,Intel Core i7-10875H,20 TB,128GB,Dell latitude 3560,Silver,90NB0SG2-M43760,DDR4,0,No,Intel Integrated intel,"Performance, Processing & Multitasking, Everyday Use, Entertainment",,Full HD,90W AC Adapter,"Full-size, backlit, mica silver keyboard with numeric keypad"
52,acer,0,Intel Core i9-9980HK,16 TB,128GB,Asiper 3,Natural Silver,6C4B5PA#ACJ,DDR4,0,No,NVIDIA GeForce MX450,Processing & Multitasking,Dual Speakers,"FHD, IPS, micro-edge, anti-glare (Brightness: 250 nits, 141 ppi Color Gamut: 45%NTSC)",,"Full-size, backlit natural silver keyboard with numeric keypad"
53,ASUS,15.6,Intel Core i7-10870H,16 TB,128GB,ASUS -TUF Gaming A1,Natural Silver,6D9T44PA#ACJ,DDR4,1,No,AMD Radeon AMD,Processing & Multitasking,Built-in Dual Speakers,"Full HD, IPS, micro-edge, Antiglare, Low Blue Light, Brightness: 400 nits, 157 ppi, Color Gamut: 100%sRGB",,"Full-size, backlit, Natural Silver keyboard"
54,RedmiBook,15.6,Intel Core i7-9700K,16 TB,128GB,RedmiBook mint,Natural Silver,6D9T7PAA#ACJ,DDR4,1,No,AMD Radeon AMD,Processing & Multitasking,Built-in Dual Speakers,"Full HD, IPS, micro-edge, Antiglare, Low Blue Light, Brightness: 400 nits, 157 ppi, Color Gamut: 100%sRGB",,"Full-size, backlit, Natural Silver keyboard"
55,Lenovo,15.6,AMD Ryzen 7 4800HS,20 TB,128GB,Think pad E14,White,FX516PCZ,DDR4,0,No,NVIDIA GeForce RTX RTX3050-4G,Gaming,Built-in Dual Speakers,Full HD,90W AC Adapter,"Full-size, backlit, mica silver keyboard with numeric keypad"
56,HP,14,Intel Core i9-9880H,20 TB,128GB,HP Omen 16,Black,UN.VNFSI.054,DDR4,1,No,Intel Integrated UHD Graphics 600,"Everyday Use, Performance, Processing & Multitasking, Travel & Business",Two built-in stereo speakers,"HD, high-brightness Acer ComfyView LED-backlit TFT LCD",45 W AC Adapter,Acer FineTip EDU anchored keyboard with international language support
57,Lenovo,15.6,Intel Core i5-10600K,20 TB,128GB,Idea Pad slim 3i,Black,UN.VNFSI.043,DDR4,2,No,Intel Integrated UHD Graphics 600,"Everyday Use, Performance, Processing & Multitasking, Travel & Business",Two built-in stereo speakers,"HD, High-brightness Acer ComfyView LED-backlit TFT LCD",45 W AC Adapter,Acer FineTip EDU anchored keyboard with international language support
58,ASUS,14,Intel Core i7-8086K,16 TB,128GB,ASUS -ROG Strix G17,Shale Black,NH.QEHSI.001,DDR4,1,No,NVIDIA GeForce GTX 1650,"Entertainment, Everyday Use, Gaming, Performance, Processing & Multitasking, Travel & Business",Built-in Dual Speakers,"Full HD IPS (In-Plane Switching) technology, Acer ComfyView LED-backlit TFT LCD, 144 Hz refresh rate (16:9 Aspect Ratio)",135W AC Adapter,103-/104-/107-key FineTip RGB-backlit keyboard with independent standard numeric keypad
59,MSI,14,Intel Core i7-8700K,20 TB,64GB,Galaxy Book2 Pro,Transparent Silver,90NB0TG1-M002R0,DDR4,0,No,Intel Integrated UHD,Processing & Multitasking,Built-in Speaker,"HD 16:9 aspect ratio, 200nits, 45% NTSC color gamut, Anti-glare display",33W AC Adapter,Chiclet Keyboard
60,HP,15.6,AMD Ryzen 7 2700X,20 TB,128GB,HP 3ZF66,Pure Silver,NX.ADDSI.00V,DDR4,1,No,Intel Integrated Iris Xe,"Entertainment, Everyday Use, Performance, Processing & Multitasking, Travel & Business",Built-in Dual Speakers,"Full HD Acer ComfyView LED-backlit TFT LCD, 16:9 aspect ratio",45 W AC Adapter,100-/101-/104-key FineTip keyboard with independent numeric keypad
61,ASUS,15.6,Intel Core i9,20 TB,128GB,ASUS -EB520,Shale Black,NH.QFKSI.001,DDR4,1,No,NVIDIA GeForce RTX 3050 Ti,"Entertainment, Everyday Use, Gaming, Performance, Processing & Multitasking, Travel & Business",Built-in Speaker,"Full HD IPS (In-Plane Switching) technology, Acer ComfyView LED-backlit TFT LCD, 144 Hz refresh rate (16:9 Aspect Ratio)",180 W AC Adapter,103-/104-/107-key FineTip RGB-backlit keyboard with independent standard numeric keypad
62,ASUS,14,Intel Core i9,16 TB,128GB,ASUS -TUF Gaming A1,Shadow Black,499C0PA#ACJ,DDR4,1,No,NVIDIA GeForce RTX 3050 Ti,Gaming,Built-in Dual Speakers,"Full HD, 144 Hz, IPS Anti-Glare Micro-edge WLED-Backlit, Brightness: 250 nits, 141 ppi, Color Gamut: 45% NTSC",,"Full-size, Ultra Violet Backlit, Shadow Black Keyboard with Numeric Keypad"
63,RedmiBook,15.6,AMD Ryzen 7 4980U,16 TB,64GB,RedmiBook mint,Shadow Black,68U25PA#ACJ,DDR5,1,No,NVIDIA GeForce RTX 3050 Ti,Processing & Multitasking,Built-in Dual Speakers,"Full HD, 144 Hz, 7 ms Response Time, IPS, Micro Edge, Anti-glare, Low Blue Light, Brightness: 300 nits, 137 PPI, Color Gamut: 100% sRGB",,"Full-size, 4-zone RGB backlit, shadow black keyboard with Numeric Keypad and 26 Key Rollover Anti-Ghosting Key technology"
64,HP,15.6,Intel Core i7-6950X,16 TB,128GB,HP pavilion,Minral Grey,20VEA0ADIH,DDR4,1,No,Intel Integrated INTEL UHD,Everyday Use,YES,FULL HD,65W,YES
65,APPLE,13.3,Intel Core i7-9700,16 TB,64GB,MacBook Pro,Transparent Silver,90NB0T42-M00BA0,DDR4,1,No,AMD Radeon,Everyday Use,Built-in Dual Speakers,Full HD,90W AC Adapter,"Full-size, backlit, mica silver keyboard with numeric keypad"
66,Lenovo,14,Intel Core i9-8950HK,20 TB,64GB,Idea Pad slim 3i,Platinum Silver,D560757WIN9S,DDR4,1,No,Intel Integrated UHD,Everyday Use,Yes,HD AG Narrow Border,,English International Non Backlit Keyboard
67,ASUS,14,Intel Xeon E-2186M,20 TB,128GB,ASUS -TUF Gaming A1,Hearty GOLD,90NB0SG3-M43720,DDR4,1,No,Intel Integrated INTEL HD,Entertainment,Built-in Dual Speakers,Full HD,90W AC Adapter,"Full-size, backlit, mica silver keyboard with numeric keypad"
68,ASUS,14,Intel Xeon E-2276M,20 TB,128GB,ASUS -ROG Strix G17,Gray,90NR0502-M003N0,DDR4,1,No,AMD Radeon RTX3050- 4GB,Gaming,Built-in Dual Speakers,Full HD,90W AC Adapter,"Full-size, backlit, mica silver keyboard with numeric keypad"
69,Lenovo,15.6,Intel Xeon E-2176G,16 TB,128GB,Idea pad Flex 5i,Titan Grey,D552236WIN9S,DDR4,1,No,AMD Radeon Intgrated,Everyday Use,Yes,FHD+,65w Adapter,Yes
70,ASUS ,14,Intel Xeon W-2145,16 TB,128GB,ASUS -TUF Gaming A1,Dark Shadow Grey,D560554WIN9B,DDR4,0,No,NVIDIA GeForce RTX 3050Ti,Gaming,Built-in Dual Speakers,Full HD WVA AG 250 nits 120Hz Narrow Border,,English International Backlit Keyboard Orange
71,acer,14,Intel Core i7-8700,20 TB,128GB,Acer Extensa,Jaeger Gray,90NR09M2-M003E0,DDR5,1,No,NVIDIA GeForce RTX 3050 Ti,Gaming,Two built-in speakers,"Full HD, IPS-level, 250nits, Contras 1000:1, NTSC 45%, SRGB 62.50%, Adobe 47.34%, Anti-glare display",200 W AC Adapter,Backlit Chiclet Keyboard RGB
72,ASUS,15.6,Intel Core i9,20 TB,128GB,ASUS -ROG Strix G17,Off Black,90NR08G2-M007S0,DDR5,1,No,NVIDIA GeForce RTX 3070 Ti,Gaming,Four built-in speakers,"WQHD, IPS-level, 300nits, Contras 1000:1, Anti-glare display",280 W AC Adapter,Backlit Chiclet Keyboard Per-Key RGB
73,acer,15.6,Intel Core i9-9900T,20 TB,64GB,Acer Extensa,Off Black,90NR0872-M007L0,DDR5,1,No,NVIDIA GeForce RTX 3070 Ti,Gaming,Four built-in speakers,"WQHD, IPS-level, 300nits, Contras 1000:1, Anti-glare display",280 W AC Adapter,Backlit Chiclet Keyboard Per-Key RGB
74,APPLE,13.3,Intel Core i7-9850H,20 TB,64GB,MacBook Pro,Mica Silver,552X1PA#ACJ,DDR4,1,No,NVIDIA GeForce RTX 3050,Gaming,Built-in Dual Speakers,"Full HD, 144 Hz, 7 ms response time, IPS, micro-edge, anti-glare, Low Blue Light, Brightness: 300 nits, 137 ppi",,"Full-size, backlit, mica silver keyboard with numeric keypad"
75,acer,15.6,Intel Core i7-9750H,16 TB,64GB,Aspier 5 ,Shadow Black,82K201RSIN,DDR4,1,No,NVIDIA GeForce RTX 3050,Gaming,Stereo Speakers,"Full HD Anti-glare Display, 250nits Brightness, 120Hz, 45 Percent NTSC, DC Dimmer",Slim Tip 3-pin Power Adapter,English Backlit Keyboard
76,ASUS,17.3,AMD Ryzen 5 7600X,16 TB,128GB,ASUS -EB520,Slate Grey,1LS2B001653,DDR4,0,Yes,Intel Integrated Intel,"Processing & Multitasking, Entertainment, Everyday Use, Performance, Travel & Business",Inbuilt,Full HD,90W AC Adapter,Backlit
77,Lenovo,15.6,AMD Ryzen 7 7900X,20 TB,128GB,Idea slim i5,Slate Grey,82A300MBIN,DDR4,1,No,Intel Integrated Iris Xe Graphics,Processing & Multitasking,2 x 2W front-facing Dolby Atmos? Speaker System,"14"" FHD (1920x1080) | IPS Technology | 300Nits Brightness |100% sRGB",65W USB-C AC Adapter,English Backlit Keyboard
78,ASUS,17.3,Intel Xeon W-11855M,20 TB,64GB,ASUS -TUF Gaming A1,Iron Grey,PF9XB1C14047,DDR4,0,No,Intel Integrated Intel HD,"Everyday Use, Entertainment, Travel & Business, Processing & Multitasking",,Full HD,90W AC Adapter,"Full-size, backlit, mica silver keyboard with numeric keypad"
79,Lenovo,14,AMD Ryzen 5 7600X,20 TB,64GB,Think pad E14,Abyss Blue,82ND007VIN,DDR4,0,Yes,AMD Radeon Integrated AMD Radeon? Graphics,Processing & Multitasking,"Stereo Speakers, Dolby Atmos","13"" FHD (1920x1080) | IPS Technology | 300 Nits Glossy | Touch",45 W AC Adapter,English Backlit Keyboard
80,ASUS,15.6,AMD Ryzen 7 7700X,16 TB,128GB,ASUS -ROG Strix G17,Black,FX506LH - HN310WS,DDR4,1,No,NVIDIA GeForce GTX 1650,"Gaming, Entertainment, Processing & Multitasking, Everyday Use, Performance",DTS software Built-in array microphone Built-in speaker 2-speaker system with Smart Amplifier Technology,"15.6-inch, FHD (1920 x 1080) 16:9, anti-glare display, sRGB:62.5%, Adobe:47.1%, Refresh Rate:144Hz, Value IPS-level, Optimus","150W AC Adapter, Output: 20V DC, 7.5A, 150W, Input: 100~240V AC, 50/60Hz universal",Backlit Chiclet Keyboard RGB
81,ASUS,15.6,Intel Xeon W-10855M,16 TB,128GB,ASUS -TUF Gaming A1,Carbon Black,D560756WIN9BE,DDR4,0,No,Intel Integrated UHD Graphics,Everyday Use,Yes,"HD, AG Narrow Border",45 W AC Adapter,English International Non Backlit Keyboard
82,ASUS,14,AMD Ryzen 7 7700X,16 TB,128GB,ASUS -EB520,Carbon Black,D560766WIN9BE,DDR4,0,No,AMD Radeon Radeon Graphics,Everyday Use,Yes,HD AG Narrow Border,45 W AC Adapter,English International Non Backlit Keyboard
83,Lenovo,15.6,Intel Xeon W-10855M,20 TB,128GB,Idea pad Flex 5i,Platinum Silver,ICC-C786502WIN8,LPDDR4X,2,No,Intel Integrated Iris Xe,Processing & Multitasking,Yes,Full HD WVA Infinity Edge,45 W AC Adapter,Backlit Keyboard
84,ASUS,17.3,Intel Xeon E5-2680 v4,20 TB,128GB,ASUS -TUF Gaming A1,Slate Grey,82N7000AIN,DDR4,0,Yes,AMD Radeon Integrated AMD Radeon Graphics,Processing & Multitasking,2 x 2W front-facing Dolby Atmos? Speaker System,"35.5cms (14) FHD IPS (1920 x 1080) 300 nits, wide-viewing angle touchscreen, 72% NTSC, 16:9 aspect ratio, anti-glare",45 W AC Adapter,English Backlit Keyboard
85,ASUS,15.6,AMD Ryzen 7 5700U,20 TB,128GB,ASUS -ROG Strix G17,Black,FA506IC-HN075W,DDR4,1,No,NVIDIA GeForce RTX3050- 4GB,Gaming,Built-in Dual Speakers,Full HD,90W AC Adapter,"Full-size, backlit, mica silver keyboard with numeric keypad"
86,MSI,15.6,AMD Ryzen 5 4600H,16 TB,128GB,Galaxy Book2 Pro,Silver,M515DA-BR322WS,DDR4,2,No,AMD Radeon amd redeon,"Entertainment, Everyday Use, Processing & Multitasking, Travel & Business",,Full HD,90W AC Adapter,"Full-size, backlit, mica silver keyboard with numeric keypad"
87,APPLE,13.3,Intel Xeon E5-2697 v2,20 TB,128GB,MacBook Pro,Black,GV301QH-K6461TS,LPDDR4X,1,Yes,NVIDIA GeForce GTX 1650,"Gaming, Processing & Multitasking",Built-In Dual Speakers,"WUXGA LED Backlit Glossy IPS-Level Touch Display with Adaptive Sync (16:10 Aspect Ratio, 120 Hz Refresh Rate, 300 nits Brightness, 1000:1 Contrast Ratio, 72% NTSC Color Gamut, 100% sRGB, 75% Adobe, 75% DCI-P3, Pantone Validated)",100W AC Adapter,Backlit Chiclet Keyboard
88,MSI,15.6,Intel Xeon W-10855M,20 TB,64GB,Galaxy Book2 Pro,Black,9S7-154322-418,DDR4,2,No,NVIDIA GeForce RTX 3070,"Processing & Multitasking, Gaming",2 x 2 W Speakers,Full HD IPS Display (100% sRGB),280 W AC Adapter,Per key RGB steel series Keyboard
89,acer,15.6,Intel Core i7-10850H,20 TB,128GB,Asiper 3,Hearty Gold,90NB0SG3-M43670,DDR4,1,No,Intel Integrated Intel? UHD Graphics,"Entertainment, Everyday Use, Performance, Processing & Multitasking",Built-in speaker,"15.6-inch, FHD (1920 x 1080) OLED 16:9 aspect ratio, LED Backlit, 0.2ms response time, 600nits peak brightness, 100% DCI-P3 color gamut, 1,000,000:1, VESA CERTIFIED Display HDR True Black 600, 1.07 billion colors, PANTONE Validated, Glossy display, 70% less harmful blue light, SGS Eye Care Display, Screen-to-body ratio: 85 ?",65W AC Adapter,Backlit Chiclet Keyboard with Num-key
90,ASUS,15.6,AMD Ryzen 7 4800U,16 TB,128GB,ASUS -EB520,Grey,1.30E+11,LPDDR4X,1,No,Intel Integrated Iris Xe,"Entertainment, Performance, Processing & Multitasking",,"Quad HD, 60 Hz Refresh Rate",65W Type-C Adaptor,Backlit Keyboard
91,DELL,14.96,AMD Ryzen 5 4600HS,16 TB,128GB,Dell inspiron 16,Green,1.30E+11,LPDDR4X,1,No,Intel Integrated Iris Xe,"Entertainment, Performance, Processing & Multitasking",,"Quad HD, 60 Hz Refresh Rate",65W Type-C Adaptor,Backlit Keyboard
92,Lenovo,15.6,Intel Core i7-10750H,16 TB,64GB,Idea pad Flex 5i,Blue,1.30E+11,LPDDR4X,1,No,Intel Integrated Iris Xe,"Entertainment, Performance, Processing & Multitasking",,"Quad HD, 60 Hz Refresh Rate",65W Type-C Adaptor,Backlit Keyboard
93,ASUS,15.6,Intel Xeon E-2176M,16 TB,128GB,ASUS -Gaming,Obsidian Black,D560669WIN9B,DDR4,1,No,NVIDIA GeForce RTX 3050 Ti,Gaming,Yes,"Full HD, WVA AG, 300 nits, 165Hz, 100% RGB(SE), Narrow Border",45 W AC Adapter,English International Backlit Keyboard Orange
94,ASUS,14,Intel Core i7-11390H,20 TB,64GB,ASUS -TUF Gaming A1,Grey,D560804WIN9W,DDR4,1,No,NVIDIA GeForce RTX 3050,Gaming,Yes,Full HD IPS Narrow 120Hz 250 nits 45%,45 W AC Adapter,English International Backlit Keyboard Orange
95,APPLE,13.3,Intel Core i7-11375H,20 TB,64GB,MacBook Pro,Matt Black,NU14A1INC43PN-MB,DDR4,1,No,Intel Integrated UHD Graphics,Processing & Multitasking,Yes,"FHD, IPS",90W AC Adapter,"Full-size, backlit, mica silver keyboard with numeric keypad"
96,ASUS,15.6,Intel Core i7-1195G7,20 TB,128GB,ASUS -TUF Gaming A1,Grey,D560729WIN9W,DDR4,1,No,NVIDIA GeForce RTX 3050,Gaming,Yes,Full HD IPS Narrow 120Hz 250 nits 45%,45 W AC Adapter,English International Backlit Keyboard Orange
97,MSI,15.6,AMD Ryzen 7 PRO 4750U,16 TB,128GB,Galaxy Book2 Pro,Jet Black,536C3PA#ACJ,DDR4,2,No,Intel Integrated UHD Graphics,Processing & Multitasking,Dual Speakers,"FHD, micro-edge, anti-glare ( Brightness: 250 nits, 141 ppi, Color Gamut: 45%NTSC)",45 W Smart AC power adapter,"Full-size, jet black keyboard with numeric keypad"
98,MSI,0,Intel Core i7-8850H,16 TB,128GB,Galaxy Book2 Pro,Grey,D560805WIN9W,DDR4,0,No,NVIDIA GeForce RTX 3050,Gaming,Yes,Full HD IPS Narrow 120Hz 250 nits 45%,45 W AC Adapter,English International Backlit Keyboard Orange
99,ASUS,14,Intel Core i7-11370H,20 TB,128GB,ASUS -ROG Strix G17,Transparent Silver,90NB0T31-M003U0,DDR4,1,No,AMD Radeon Vega 8,Processing & Multitasking,Built-in Speaker,"Full HD LED Backlit, IPS-level Panel, 250nits, 45% NTSC color gamut, Anti-glare display",45 W AC Adapter,Chiclet Keyboard
100,APPLE,13.3,Intel Core i7-1185G7,20 TB,128GB,MacBook Pro,Indie Black,90NB0S01-M00BR0,LPDDR4X,1,Yes,Intel Integrated UHD Graphics,Processing & Multitasking,Built-in speaker,"FHD, IPS-level Panel (250nits Brightness, 45% NTSC color gamut)",65W AC Adapter,Backlit Chiclet Keyboard
101,acer,15.6,Intel Core i7-7740X,20 TB,128GB,Acer Extensa,Transparent Silver,90NB0SR2-M00BZ0,DDR4,1,No,Intel Integrated UHD,Processing & Multitasking,Built-in Speaker,"Full HD LED Backlit, IPS-level Panel, 250nits, 45% NTSC color gamut, Anti-glare display",45 W AC Adapterbattery_cell,Chiclet Keyboard with Num-key
102,APPLE,13.3,Intel Core i5-8600K,20 TB,64GB,MacBook Pro,Star Grey,90NX03B1-M005B0,DDR4,1,No,Intel Integrated UHD Graphics,Processing & Multitasking,Built-in speaker,"HD, Anti-glare display ( Brightness 220nits, Color gamut NTSC: 45%)",45W AC Adapter,Chiclet Keyboard
103,APPLE,13.3,Intel Core i7-7700K,16 TB,64GB,MacBook Pro,Star Grey,90NX03A1-M00B70,DDR4,1,Yes,Intel Integrated UHD Graphics,Processing & Multitasking,Built-in speaker,"HD, Wide view ( Brightness 250 nits, Color gamut NTSC 50%)",45W AC Adapter,Chiclet Keyboard
104,ASUS,15.6,Intel Core i7-7740X,16 TB,64GB,ASUS -TUF Gaming A1,Hearty Gold,90NB0TP3-M003U0,DDR4,0,No,AMD Radeon Radeon Graphics,Processing & Multitasking,Built-in speaker,"FHD, Glossy display (600 nits peak brightness, 100% DCI-P3 color gamut)",65W AC Adapter,Backlit Chiclet Keyboard with Num-key
105,HP,14,Intel Core i7-8750H,20 TB,128GB,HP specture x360,Indie Black,90NB0S01-M00BT0,LPDDR4X,0,Yes,Intel Integrated Iris Xe Graphics,Processing & Multitasking,Built-in speaker,"FHD, IPS-level Panel (250 nits Brightness, 45% NTSC color gamut)",65W AC Adapter,Backlit Chiclet Keyboard
106,DELL,14.96,AMD Ryzen 7 4700U,20 TB,128GB,Dell Vostro3510,Transparent Silver,90NB0TP2-M003W0,DDR4,0,No,AMD Radeon Radeon Graphics,Processing & Multitasking,Built-in speaker,"FHD, Glossy display (600 nits peak brightness, 100% DCI-P3 color gamut)",65W AC Adapter,Backlit Chiclet Keyboard with Num-key
107,DELL,15.6,Apple M1,20 TB,64GB,Dell latitude 3560,Transparent Silver,90NB0TH2-M13760,DDR4,1,No,Intel Integrated UHD,Processing & Multitasking,Built-in Speaker,"HD LED Backlit 200nits, 45% NTSC color gamut, Anti-glare display",33 W AC Adapter,Chiclet Keyboard with Num-key
108,Lenovo,15.6,Intel Core i7-1165G7,16 TB,64GB,Think pad E14,Indie Black,90NB0S01-M00BS0,LPDDR4X,1,Yes,Intel Integrated UHD Graphics,Processing & Multitasking,Built-in speaker,"FHD, IPS-level Panel (250nits Brightness, 45% NTSC color gamut)","65W AC Adapter, Li-ion battery",Backlit Chiclet Keyboard
109,HP,14,Intel Core i7-10810U,16 TB,128GB,HP Envy x360,Transparent Silver,90NB0SR2-M00R10,DDR4,0,No,Intel Integrated UHD,Processing & Multitasking,Built-in Speaker,"Full HD LED Backlit, IPS-level Panel, 250nits, 45% NTSC color gamut, Anti-glare display",45 W AC Adapter,Chiclet Keyboard with Num-key
110,Lenovo,15.6,Intel Core i7-10710U,16 TB,128GB,Think pad E14,Transparent Silver,90NB0T31-M003V0,DDR4,1,No,AMD Radeon RX Vega 10,Processing & Multitasking,Built-in Speaker,"Full HD LED Backlit, IPS-level Panel, 250nits, 45% NTSC color gamut, Anti-glare display",45 W AC Adapter,Chiclet Keyboard
111,ASUS,15.6,Intel Core i5-10500H,20 TB,128GB,ASUS -ROG Strix G17,Slate Grey,90NB0TY1-M00JF0,DDR4,1,No,Intel Integrated UHD,Processing & Multitasking,Built-in Speaker,"HD LED Backlit 200nits, 45% NTSC color gamut, Anti-glare display",45 W AC Adapter,Chiclet Keyboard with Num-key
112,DELL,14,AMD Ryzen 9 7900X,20 TB,128GB,Dell inspiron 16,Transparent Silver,90NB0TY2-M01CD0,DDR4,0,No,Intel Integrated UHD,Processing & Multitasking,Built-in Speaker,"Full HD LED Backlit, 200nits, 45% NTSC color gamut, Anti-glare display",45 W AC Adapter,Chiclet Keyboard with Num-key
113,DELL,15.6,Intel Core i7-5960X,20 TB,128GB,Dell Vostro3510,Natural Silver,681Y8PA#ACJ,DDR4,0,No,AMD Radeon Radeon Graphics,Processing & Multitasking,Dual speakers,"FHD, IPS, micro-edge, Bright view (Brightness: 250 nits, 141 ppi, Color Gamut: 45%NTSC)",65 W Smart AC power adapter,"Full-size, backlit, natural silver keyboard with numeric keypad"
114,DELL,15.6,AMD Ryzen 7 1700,16 TB,128GB,Dell latitude 3560,Natural Silver,54B88PA#ACJ,DDR4,0,No,NVIDIA GeForce RTX 3060,Processing & Multitasking,Built in Quad Speakers,"4K Ultra HD, OLED, Multi-touch Enabled, UWVA, Edge-to-Edge Glass, Micro Edge, Low Blue Light, Flicker Free, Brightness: 400 nits, 282 ppi, Color Gamut: 100% DCI-P3",200 Watt Smart PFC Slim Adapter,Full Size Backlit Cool Gray Keyboard
115,DELL,14.96,AMD Ryzen 5 2600X,20 TB,128GB,Dell Vostro3510,Forest Teal,678M6PA#ACJ,LPDDR4,0,Yes,Intel Integrated UHD Graphics,Processing & Multitasking,Dual speakers,"HD, touch, micro-edge, BrightView, (Brightness: 220 nits, 112 ppi, Color Gamut: 45% NTSC)",45 W AC Adapter,"Full-size, jet black keyboard"
116,acer,0,Intel Core i9,20 TB,128GB,Acer Extensa,Mineral Silver,678M8PA#ACJ,LPDDR4,0,Yes,Intel Integrated UHD Graphics,Processing & Multitasking,Dual speakers,"HD, touch, micro-edge, BrightView (Brightness: 220 nits, 112 ppi, Color Gamut: 45% NTSC)",45 W AC Adapter,"Full-size, jet black keyboard"
117,ASUS,14.1,AMD Ryzen 5 5600U,20 TB,64GB,ASUS -EB520,Natural Silver,54B86PA#ACJ,DDR4,1,Yes,NVIDIA GeForce RTX RTX 3050,Processing & Multitasking,Quad speakers,"4K UHD, OLED, multitouch-enabled, UWVA, edge-to-edge glass, micro-edge, Low Blue Light, Flicker Free ( Brightness: 400 nits, 282 ppi, Color Gamut: 100% DCI-P3)",45 W AC Adapter,"Full-size, backlit, cool gray keyboard"
118,acer,15.6,AMD Ryzen 5 PRO 5650U,16 TB,128GB,Asiper 3,Natural Silver,689H4PA#ACJ,DDR4,1,No,AMD Radeon Radeon Graphics,Processing & Multitasking,Dual speakers,"FHD,IPS, micro-edge, Brightview (Brightness: 250 nits, 157 ppi, Color Gamut: 45%NTSC)",65 W Smart AC power adapter,"Full-size, backlit, Natural Silver keyboard"
119,MSI,0,AMD Ryzen 5 4680U,16 TB,128GB,Galaxy Book2 Pro,Natural Silver,67U20PA#ACJ,DDR4,0,No,AMD Radeon Radeon Graphics,Processing & Multitasking,Dual speakers,"FHD, IPS, micro-edge, Bright view (Brightness: 250 nits, 141 ppi, Color Gamut: 45%NTSC)",65 W Smart AC power adapter,"Full-size, backlit, natural silver keyboard with numeric keypad"
120,APPLE,13.3,AMD Ryzen 5 2600,16 TB,128GB,MacBook Pro,Natural Silver,67U20PA#ACJ,DDR4,1,No,AMD Radeon Radeon Graphics,Processing & Multitasking,Dual speakers,"FHD, IPS, micro-edge, Bright view (Brightness: 250 nits, 141 ppi, Color Gamut: 45%NTSC)",65 W Smart AC power adapter,"Full-size, backlit, natural silver keyboard with numeric keypad"
121,Lenovo,15.6,AMD Ryzen 5 5500U,16 TB,64GB,Idea slim i5,Natural Silver,689H4PA#ACJ,DDR4,0,No,AMD Radeon Radeon Graphics,Processing & Multitasking,Dual speakers,"FHD,IPS, micro-edge, Brightview (Brightness: 250 nits, 157 ppi, Color Gamut: 45%NTSC)",65 W Smart AC power adapter,"Full-size, backlit, Natural Silver keyboard"
122,HP,15.6,AMD Ryzen 5 4600U,20 TB,128GB,HP 15Q,Natural Silver,54B86PA#ACJ,DDR4,1,Yes,NVIDIA GeForce RTX RTX 3050,Processing & Multitasking,Quad speakers,"4K UHD, OLED, multitouch-enabled, UWVA, edge-to-edge glass, micro-edge, Low Blue Light, Flicker Free ( Brightness: 400 nits, 282 ppi, Color Gamut: 100% DCI-P3)",200 Watt Smart PFC Slim Adapter,"Full-size, backlit, cool gray keyboard"
123,MSI,15.6,AMD Ryzen 5 PRO 4650U,20 TB,64GB,Galaxy Book2 Pro,Black,D560801WIN9B,DDR4,1,No,Intel Integrated Intel UHD Graphics,"Everyday Use, Processing & Multitasking",Yes,FHD WVA AG Narrow Border,45 W AC Adapter,English International Backlit Keyboard
124,ASUS,14,Intel Core i12Gen,20 TB,64GB,ASUS -TUF Gaming A1,Transparent Silver,90NB0T42-M00BB0,DDR4,0,No,AMD Radeon Radeon RX Vega 10 Graphics,"Processing & Multitasking, Entertainment, Everyday Use, Performance, Travel & Business",SonicMaster Built-in speaker Built-in microphone with Cortana support,"15.6-inch, FHD (1920 x 1080) 16:9 aspect ratio, IPS-level Panel, 250nits, 45% NTSC color gamut, Anti-glare display, Screen-to-body ratio: 83 ?",,Chiclet Keyboard
125,DELL,14,AMD Ryzen 7 7700X,16 TB,128GB,Dell inspiron 16,Slate Grey,P1511,DDR4,0,No,Intel Integrated HD,Processing & Multitasking,Built-in Speakers,FHD LED Backlit IPS Anti-glare Display,45 W AC Adapter,Chiclet Keyboard with Num-key
126,lenovo,0,Intel Core i9,16 TB,128GB,Idea slim i5,Shadow Black,82K10168IN,DDR4,0,No,NVIDIA GeForce RTX 3050,Gaming,Built-in dual stereo speakers,"Full HD IPS 250nits Anti-glare, 120Hz, 45% NTSC, DC dimmer",170W Slim Tip (3-pin),"White Backlit, English"
127,MSI,15.6,Intel Core i3-10320,20 TB,128GB,Galaxy Book2 Pro,Natural Silver,67G60PA#ACJ,DDR4,2,Yes,Intel Integrated UHD,Processing & Multitasking,Built-in Dual Speakers,"Full HD, IPS, multitouch-enabled, Brightness: 250 nits, 157 ppi, Color Gamut: 45%NTSC",45 W AC Adapter,"Full-size, backlit, natural silver keyboard"
128,ASUS,15.6,Intel Core i7-4960X,20 TB,128GB,ASUS -Gaming,Natural Silver,5Z6T8PA#ACJ,LPDDR4X,1,No,Qualcomm Adreno Adreno 618 GPU,Processing & Multitasking,Dual Speakers,"FHD, IPS, micro-edge, BrightView (Brightness: 250 nits, 157 ppi, Color Gamut: 45%NTSC)",45 W USB Type-C power adapter,Full-size Natural Silver Backlit keyboard
129,Lenovo,15.6,Intel Core i7-7700,20 TB,128GB,Idea slim i5,Shadow Black,82K200X2IN,DDR4,1,No,NVIDIA GeForce GTX 1650,Gaming,Stereo speakers,"Full HD, IPS Display, 250nits, Anti-glare, 120 Hz, 45% NTSC",135 W Slim Tip (3-pin),"White Backlit, English"
130,MSI,15.6,AMD Ryzen 9 7900X,20 TB,128GB,Galaxy Book2 Pro,Shadow Black,82K201RRIN,DDR4,0,No,NVIDIA GeForce RTX 3050,Gaming,Built-in dual stereo speakers,"Full HD IPS 250nits Anti-glare, 120Hz, 45% NTSC, DC dimmer",170W Slim Tip (3-pin),"White Backlit, English"
131,DELL,14,Intel Core i7-6700K,16 TB,64GB,Dell latitude 3560,Graphite Grey,82HS00W6IN,DDR4,0,Yes,Intel Integrated UHD,Processing & Multitasking,Built-in dual stereo speakers,"FHD IPS 250nits Glossy, 45% NTSC, Touch",45 W AC Adapter,"Backlit, English"
132,ASUS,14,Intel Xeon E5-2680,16 TB,64GB,ASUS -TUF Gaming A1,Platinum Grey,81VT009UIN,DDR4,1,No,Intel Integrated UHD,Processing & Multitasking,Built-in dual stereo speakers,"HD TN 250nits Anti-glare, 45% NTSC",45 W AC Adapter,"Non-backlit, English"
133,acer,15.6,Intel Core i7-3960X,20 TB,64GB,Aspier 5 ,Natural Silver,661W9PA#ACJ,DDR4,1,Yes,Intel Integrated Iris Xe Graphics,Processing & Multitasking,Built-in Dual Speakers,"Full HD, IPS, multitouch-enabled, Brightness: 250 nits, 157 ppi, Color Gamut: 45%NTSC",45 W AC Adapter,"Full-size, backlit, natural silver keyboard"
134,Lenovo,15.6,AMD Ryzen 5 7600X,20 TB,128GB,Idea Pad slim 3i,Graphite Grey,82HU00PQIN,DDR4,0,Yes,AMD Radeon AMD,Processing & Multitasking,Built-in dual stereo speakers,"FHD IPS 250nits Glossy, 45% NTSC, Touch",45 W AC Adapter,"Backlit, English"
135,Mi,14,Intel Core i9,20 TB,128GB,Real Book Pro,Arctic Grey,82H700UYIN,DDR4,1,No,Intel Integrated UHD,Processing & Multitasking,Built-in dual stereo speakers,"FHD IPS 300nits Anti-glare, 45% NTSC",45 W AC Adapter,"Backlit, English"
136,HP,15.6,AMD Ryzen 5 4500U,16 TB,64GB,HP pavilion 15-cs1052TX,Natural Silver,661X0PA#ACJ,DDR4,1,Yes,Intel Integrated Iris Xe Graphics,Processing & Multitasking,Built-in Dual Speakers,"Full HD, IPS, multitouch-enabled, Brightness: 250 nits, 157 ppi, Color Gamut: 45%NTSC",45 W AC Adapter,"Full-size, backlit, natural silver keyboard"
137,ASUS,14,Intel Core i7-8809G,16 TB,64GB,ASUS -ROG Strix G17,Slate Grey,82BH00HWIN,DDR4,1,Yes,Intel Integrated Iris Xe,Processing & Multitasking,Built-in dual stereo speakers,"FHD IPS 300nits Glossy, 72% NTSC, AGC",45 W AC Adapter,"Backlit, English"
138,APPLE,13.3,Intel Core i7-4790K,16 TB,128GB,MacBook Pro,Carbon Black,D560790WIN9BE,DDR4,1,No,AMD Radeon Vega Graphics,Everyday Use,Yes,Full HD WVA AG Narrow Border,45 W AC Adapter,English International Non Backlit Keyboard
139,DELL,14,AMD Ryzen 5 7600X,20 TB,128GB,Dell Vostro3510,Titan Gray,ICC-D585017WIN8/ICC-D585034WIN8,DDR4,1,No,Intel Integrated UHD,Everyday Use,Yes,FHD WVA AG Narrow Border,45 W AC Adapter,English International Non Backlit Keyboard
140,APPLE,13.3,AMD Ryzen 7 7700X,20 TB,128GB,MacBook Pro,Natural Silver,536B5PA#ACJ,DDR4,1,No,Intel Integrated UHD Graphics,Processing & Multitasking,Dual Speakers,"FHD,IPS,micro-edge, BrightView (Brightness: 250 nits, 157 ppi, Color Gamut: 45%NTSC)",65 W Smart AC power adapter,Full-size Natural Silver Backlit keyboard
141,HP,15.6,AMD Ryzen 5 1600,20 TB,128GB,HP Omen 16,Carbon Black,D560793WIN9B,DDR4,0,No,AMD Radeon AMD,Everyday Use,Yes,Full HD WVA AG Narrow Border,45 W AC Adapter,English International Non Backlit Keyboard
142,ASUS,14,Intel Core i9,16 TB,128GB,ASUS -TUF Gaming A1,Titan Gray,ICC-D585041WIN8/ICC-D585032WIN8,DDR4,1,No,Intel Integrated UHD,Everyday Use,Yes,Full HD WVA AG Narrow Border,45 W AC Adapter,English International Non Backlit Keyboard
143,HP,14,Intel Xeon E3-1280 v5,20 TB,128GB,HP Omen 16,Shadow Black,68U27PA#ACJ,DDR5,1,No,NVIDIA GeForce RTX 3060,Processing & Multitasking,Built-in Dual Speakers,"Full HD, 144 Hz, 7 ms Response Time, IPS, Micro Edge, Anti-glare, Low Blue Light, Brightness: 300 nits, 137 ppi , Color Gamut: 100% sRGB",,"Full-size, 4-Zone RGB Backlit, Shadow Black Keyboard with Numeric Keypad and 26 Key Rollover Anti-Ghosting Key technology"
144,acer,15.6,Intel Core i7-6700,20 TB,128GB,Acer Extensa,Black,90NX02N1-M007R0,DDR4,1,No,Intel Integrated Intel UHD,Travel & Business,Built-in Dual Speakers,Full HD,90W AC Adapter,"Full-size, backlit, mica silver keyboard with numeric keypad"
145,DELL,14,Intel Xeon E3-1535M v6,20 TB,128GB,Dell inspiron 16,Mica Silver,4A3E3PA#ACJ,DDR4,0,No,NVIDIA GeForce RTX 3050Ti,Processing & Multitasking,Dual speakers,"FHD, IPS, micro-edge, anti-glare, Low Blue Light (Brightness: 300 nits, 137 ppi, Color Gamut: 100% Srgb)",45 W AC Adapter,"Full-size, 4-zone RGB backlit, mica silver keyboard"
146,Lenovo,14,AMD Ryzen 9 7900X,16 TB,64GB,Idea Pad slim 3i,Mica Silver,4A3E5PA#ACJ,DDR4,1,No,AMD Radeon RX 6600M,Gaming,Built-in Dual Speakers,"Full HD, 144 Hz, 7 ms response time, IPS, micro-edge, anti-glare, Low Blue Light, Brightness: 300 nits, 137 ppi, Color Gamut: 100% Srgb",,"Full-size, 4-zone RGB backlit, mica silver keyboard"
147,HP,15.6,Intel Core i7-8709G,16 TB,128GB,HP specture x360,Dark Ash,64Q89PA,DDR4,1,No,Intel Integrated,Processing & Multitasking,Built-in Dual Speakers,Full HD,90W AC Adapter,"Full-size, backlit, mica silver keyboard with numeric keypad"
148,acer,15.6,Intel Core i7-8706G,16 TB,128GB,Aspier 5 ,Dark Ash,64Q84PA,DDR4,0,No,AMD Radeon,Processing & Multitasking,Built-in Dual Speakers,Full HD,90W AC Adapter,"Full-size, backlit, mica silver keyboard with numeric keypad"
149,ASUS,14,Intel Core i7-8705G,16 TB,128GB,ASUS -ROG Strix G17,Eclipse Gray,90NR0502-M01540,DDR4,0,No,NVIDIA GeForce RTX RTX 3050,"Gaming, Processing & Multitasking",Dual Speakers,"FHD (Brightness 250nits, NTSC % 45%, SRGB % 62.5%)",200W AC Adapter,Backlit Chiclet Keyboard 4-Zone RGB
150,ASUS,15.6,Intel Core i7-1068G7,20 TB,64GB,ASUS -TUF Gaming A1,Black Plastic,90NR03U2-M10250,DDR4,1,No,NVIDIA GeForce GTX GTX 1650,Gaming,Built in dual speakers,"FHD, Value IPS-level, anti-glare display (250nits Brightness, 62.5% SRGB)",150W AC Adapter,Backlit Chiclet Keyboard RGB
151,DELL,15.6,Intel Core i7-7920HQ,20 TB,128GB,Dell Vostro3510,Dark Ash,5T9P8PA,DDR4,1,No,Intel Integrated,Processing & Multitasking,Built-in Dual Speakers,Full HD,90W AC Adapter,"Full-size, backlit, mica silver keyboard with numeric keypad"
152,ASUS,14,AMD Ryzen 9 7700X,20 TB,64GB,ASUS -TUF Gaming A1,Eclipse Gray,90NR05T3-M002M0,DDR4,1,No,NVIDIA GeForce RTX GeForce RTX 3050,Gaming,"2x 0.7W tweeter, 2x 2.5W speaker with Smart Amp Technology","WQHD, IPS-level (Brightness 300, DCI-P3 % 100%)",180W AC Adapter,Backlit Chiclet Keyboard
153,Lenovo,15.6,AMD Ryzen 7 7700X,16 TB,64GB,Think pad E14,Jaeger Gray,90NR0972-M000R0,DDR5,2,No,NVIDIA GeForce RTX RTX 3060,Processing & Multitasking,Dual speakers,"FHD, Value IPS-level (Brightness 250, NTSC 45%, SRGB 62.50%)",240W AC Adapter,Backlit Chiclet Keyboard RGB
154,DELL,15,Intel Core i7-4790,16 TB,128GB,Dell Vostro3510,Jet Black,637S3PA#ACJ,DDR4,1,No,Intel Integrated UHD,"Everyday Use, Processing & Multitasking",Built-in Dual Speakers,"HD micro-edge, BrightView, Brightness: 250 nits, 112 ppi, Color Gamut: 45%NTSC",45 W AC Adapter,"Full-size, Jet Black Keyboard"
155,ASUS,0,Intel Core i9,20 TB,128GB,ASUS -Gaming,Abyss Blue,82ND000FIN,DDR4,0,Yes,AMD Radeon,Processing & Multitasking,Built-in Speakers,"Full HD IPS Glossy Touch Display (300 nits Brightness, 72% NTSC Color Gamut)",45 W AC Adapter,Backlit English Keyboard
156,HP,14,Intel Core i7-7700T,20 TB,128GB,HP 3ZF66,Black,90NB0VC2-M002X0,DDR4,1,Yes,Intel Integrated intel hd,Entertainment,Built-in Dual Speakers,Full HD,90W AC Adapter,"Full-size, backlit, mica silver keyboard with numeric keypad"
157,ASUS,15.6,AMD Ryzen 5 7600X,20 TB,128GB,ASUS -TUF Gaming A1,Black,90NR0734-M04100,DDR4,1,No,NVIDIA GeForce RTX NVIDIA GeForce RTX 3050,"Gaming, Performance, Processing & Multitasking, Entertainment",,Full HD,90W AC Adapter,"Full-size, backlit, mica silver keyboard with numeric keypad"
158,acer,14,Intel Core i7-8559U,20 TB,128GB,Acer Extensa,Pike Silver Aluminum,364C7PA,DDR4,1,No,Intel Integrated,Processing & Multitasking,Built-in Dual Speakers,Full HD,90W AC Adapter,"Full-size, backlit, mica silver keyboard with numeric keypad"
159,Lenovo,15.6,Intel Core i7-5775C,16 TB,128GB,Think pad E14,Titanium Blue,9S7-154414-096,DDR5,0,No,NVIDIA GeForce RTX 3070 Ti,Processing & Multitasking,Built-in Dual Speakers,"Quad HD, 240 Hz (DCI-P3 100% typical)",280 W Adapter,Per Key RGB Steel Series
160,DELL,15.6,Intel Core i7-4770K,16 TB,64GB,Dell inspiron 16,Black,9S7-158362-032,DDR4,1,No,NVIDIA GeForce RTX 3070,"Gaming, Processing & Multitasking",Built-in Dual Speakers,QHD 165Hz DCI-P3 100% typical,240 W adapter,Spectrum Backlight Keyboard
161,acer,14,Intel Core i7-4790S,20 TB,64GB,Acer Extensa,Silver,NP340XLA-KA1IN,LPDDR4X,0,No,Qualcomm Adreno Adreno,Processing & Multitasking,Built-in Stereo Speakers,Full HD TFT LED Display,45 W AC Adapter,island Keyboard
162,APPLE,13.3,Intel Xeon E3-1505M v6,20 TB,64GB,MacBook Pro,Abyssal Black,NH.QC2SI.00A,DDR4,1,No,NVIDIA GeForce RTX 3060,"Entertainment, Everyday Use, Gaming, Performance, Processing & Multitasking, Travel & Business",Built-in Dual Speakers,"15.6"" display with IPS (In-Plane Switching) technology, Full HD 1920 x 1080, high-brightness (300 nits) Acer ComfyView LED-backlit TFT LCD, supporting 360 Hz, 3 ms Overdrive, sRGB 100%",230 W,"Full-size, backlit, mica silver keyboard with numeric keypad"
163,MSI,14,AMD Ryzen 7 7700X,20 TB,128GB,Galaxy Book2 Pro,Grey,82C40104IH,DDR4,0,No,NA INTEGRATED_GRAPHICS,Performance,Built-in Dual Speakers,Full HD,90W AC Adapter,"Full-size, backlit, mica silver keyboard with numeric keypad"
164,HP,14,Intel Xeon E3-1575M v5,16 TB,128GB,HP specture x360,Shadow Black,4D8E1PA#ACJ,DDR4,1,No,NVIDIA GeForce RTX RTX 3050Ti,Processing & Multitasking,Dual speakers,"FHD, IPS, micro-edge, anti-glare, Low Blue Light, (Brightness: 300 nits, 137 ppi, Color Gamut: 100% sRGB)",45 W AC Adapter,"Full-size, 4-zone RGB backlit, shadow black keyboard with, numeric keypad and 26-Key Rollover Anti-Ghosting Key technology"
165,HP,15.6,AMD Ryzen 5 1500X,16 TB,64GB,HP 3ZF66,Shadow Black,4D8E0PA#ACJ,DDR4,1,No,NVIDIA GeForce RTX RTX 3050,Processing & Multitasking,Dual speakers,"FHD, IPS, micro-edge, anti-glare, Low Blue Light (Brightness: 300 nits, 137 ppi, Color Gamut: 100% sRGB)",45 W AC Adapter,"Full-size, 4-zone RGB backlit, shadow black keyboard with numeric keypad and 26-Key Rollover Anti-Ghosting Key technology"
166,DELL,14,AMD Ryzen 3 3300X,16 TB,64GB,Dell Vostro3510,Transparent Silver,X515MA-BR101W,DDR4,0,No,Intel Integrated Intel UHD,Everyday Use,SonicMaster Audio by ICEpower? Built-in speaker Built-in microphone with Cortana support,"15.6-inch, HD (1366 x 768) 16:9 aspect ratio, 200nits, 45% NTSC color gamut for non-OLED, Anti-glare display, Screen-to-body ratio: 83 ?",,Chiclet Keyboard
167,DELL,15.6,Intel Core i5-9400F,20 TB,128GB,Dell inspiron 16,White,9S7-158213,DDR4,1,No,NVIDIA GeForce RTX 3050,"Processing & Multitasking, Gaming",2 x 2 W Speakers,Full HD IPS Display (45% NTSC Color Gamut),150 W AC Adapter,Single Backlit Keyboard (Blue)
168,ASUS,15.6,AMD Ryzen 3 3100,20 TB,128GB,ASUS -EB520,Natural Silver,gr0500AU,DDR4,1,No,AMD Radeon AMD,Everyday Use,Built-in Dual Speakers,Full HD,90W AC Adapter,"Full-size, backlit, mica silver keyboard with numeric keypad"
169,ASUS,14,AMD Ryzen 3 PRO 4450U,20 TB,128GB,ASUS -ROG Strix G17,Black,53L44PA,DDR4,1,No,Intel Integrated,Processing & Multitasking,Built-in Dual Speakers,Full HD,90W AC Adapter,"Full-size, backlit, mica silver keyboard with numeric keypad"
170,Lenovo,15.6,Intel Cerelon,16 TB,128GB,Idea pad slim 3i,Transparent Silver,K513EA-L303WS,DDR4,2,No,Intel Integrated Intel UHD,"Travel & Business, Entertainment, Everyday Use, Processing & Multitasking, Performance",Audio by ICEpower? Built-in speaker Built-in microphone harman/kardon with Cortana support,"15.6-inch, FHD (1920 x 1080) OLED 16:9 aspect ratio, LED Backlit, 0.2ms response time, 600nits peak brightness, 100% DCI-P3 color gamut, 1,000,000:1, VESA CERTIFIED Display HDR True Black 600, 1.07 billion colors,",,Backlit Chiclet Keyboard
171,DELL,14,AMD Ryzen 9 7900X,20 TB,128GB,Dell inspiron 16,Peacock Blue,E210MA-GJ001W,DDR4,1,No,Intel Integrated Intel? UHD Graphics 600,"Travel & Business, Everyday Use, Entertainment",SonicMaster Audio by ICEpower? Built-in speaker Built-in microphone with Cortana support,"11.6-inch, HD (1366 x 768) 16:9 aspect ratio, 45% NTSC color gamut, Anti-glare display, Screen-to-body ratio: 73 ?","33W AC Adapter, Output: 19V DC, 1.75A, 33W, Input: 100-240V AC 50/60Hz universal",Chiclet Keyboard 1.4mm Key-travel Support NumberPad
172,HP,15.6,Intel Core i12Gen,20 TB,128GB,HP pavilion 15-cs1052TX,Silver,90NB0SG2-M43690,DDR4,1,No,Intel Integrated intel hd,"Entertainment, Everyday Use, Performance, Processing & Multitasking",,Full HD,90W AC Adapter,"Full-size, backlit, mica silver keyboard with numeric keypad"
173,ASUS,15.6,Intel Core i7-1180G7,20 TB,128GB,ASUS -ROG Strix G17,Transparent Silver,90NB0TP2-M07550,DDR4,1,No,AMD Radeon Radeon Graphics,Processing & Multitasking,Built-in speaker,"FHD, Glossy display (600 nits peak brightness, 100% DCI-P3 color gamut)",65W AC Adapter,Backlit Chiclet Keyboard with Num-key
174,ASUS,15.6,Intel Core i7-4940MX,16 TB,128GB,ASUS -TUF Gaming A1,Hearty Gold,90NB0TP3-M07530,DDR4,1,No,AMD Radeon AMD,Processing & Multitasking,Built-in Speaker,"Full HD OLED (0.2ms response time, 600nits peak brightness, 100% DCI-P3 color gamut, VESA CERTIFIED Display HDR True Black 600, 1.07 billion colors, Glossy display)",65 W AC Adapter,Backlit Chiclet Keyboard with Num-key
175,Lenovo,14,Intel Core i7-7820HQ,16 TB,64GB,Think pad E14,Star Black,90NB0R44-M008X0,DDR4,1,No,Intel Integrated UHD Graphics 600,Processing & Multitasking,,"HD, Anti-glare display (Brightness 200nits, 45% NTSC color gamut)",33W AC Adapter,Chiclet Keyboard
176,DELL,15.6,Intel Core i7-7820HK,16 TB,128GB,Dell Vostro3510,Transparent Silver,90NB0SR2-M00R30,DDR4,1,No,Intel Integrated UHD,Processing & Multitasking,Built-in Speaker,"Full HD LED Backlit, IPS-level Panel, 250nits, 45% NTSC color gamut, Anti-glare display",45 W AC Adapter,Chiclet Keyboard with Num-key
177,Lenovo,15.6,Intel Core i7-6920HQ,16 TB,128GB,Idea Pad slim 3i,Peacock Blue,90NB0R41-M008W0,DDR4,1,No,Intel Integrated UHD Graphics 600,Processing & Multitasking,Built-in speaker,"HD,Anti-glare display (Brightness 200nits, 45% NTSC color gamut)",33W AC Adapter,Chiclet Keyboard
178,ASUS,15.6,Intel Xeon E3-1545M v5,20 TB,128GB,ASUS -TUF Gaming A1,Star Black,90NB0UA5-M004J0,DDR4,0,No,Intel Integrated Intel HD Graphics,Processing & Multitasking,Built-in speaker,"HD, Anti-glare display (Brightness 200 nits, 45% NTSC color gamut)",33W AC Adapter,Chiclet Keyboard
179,ASUS,15.6,Intel Core i7-5950HQ,20 TB,64GB,ASUS -ROG Strix G17,Celestial Blue,90NB0S51-M001K0,LPDDR4X,0,Yes,NVIDIA GeForce MX450,Processing & Multitasking,Built-in Speaker,"Full HD LED Backlit, IPS-level Panel, 400nits, 100% sRGB Color Gamut, PANTONE Validated, Anti-glare display",65 W AC Adapter,Backlit Chiclet Keyboard
180,ASUS,13.3,Intel Core i7-4930MX,20 TB,128GB,Dell inspiron 16,Volt Green,90NR08A6-M00440,DDR5,1,No,NVIDIA GeForce RTX 3050,Gaming,Built-in Dual Speakers,"Full HD, Value IPS level, Anti Glare Display, Refresh Rate: 144 Hz, 16:9, Viewing Angle: 170 Degree, Brightness: 250 nits, 1:1000 Contrast, 45% NTSC, 62.5% SRGB, 47.34% Adobe, Adaptive-Sync Technology",200 W AC Adapter,Backlit Chiclet Keyboard 4-Zone RGB
181,DELL,14,Intel Xeon E3-1535M v5,16 TB,64GB,Dell Vostro3510,Off Black,90NR08E2-M000H0,DDR5,1,No,NVIDIA GeForce RTX 3080 Ti,Gaming,Built-in Speaker,"WQHD Refresh Rate 240Hz, Response Time (G2G) 3ms, Viewing Angle 85/85/85/85, IPS-level, Brightness 300, Anti-glare display",,Backlit Chiclet Keyboard Per-Key RGB
182,HP,15.6,Intel Core i7-6970HQ,16 TB,64GB,HP Omen 16,Electro Punk,90NR08A7-M00350,DDR5,0,No,NVIDIA GeForce RTX 3050,Gaming,Built-in Dual Speakers,"Full HD, Value IPS level, Anti Glare Display, Refresh Rate: 144 Hz, 16:9, Viewing Angle: 170 Degree, Brightness: 250 nits, 1:1000 Contrast, 45% NTSC, 62.5% SRGB, 47.34% Adobe, Adaptive-Sync Technology",200 W AC Adapter,Backlit Chiclet Keyboard 4-Zone RGB
183,ASUS,14,Intel Core i7-6970HQ,20 TB,128GB,ASUS -EB520,Aurora Green,71008300058,LPDDR4X,1,No,Intel Integrated Iris Plus,"Everyday Use, Processing & Multitasking",Built-in Speaker,"Full HD IPS Display ( 300nits peak brightness, 100% sRGB, NTSC 72%)",65W AC Adapter,Backlit Keyboard
184,DELL,14,Intel Core i7-7700HQ,20 TB,128GB,Dell inspiron 16,Volt Green,90NR08A6-M00340,DDR5,0,No,NVIDIA GeForce RTX RTX 3050,Gaming,Dual speakers,"FHD, Value IPS-level, anti-glare display (Brightness 250nits, NTSC % 45%, SRGB % 62.5%)",200W AC Adapter,Backlit Chiclet Keyboard 4-Zone RGB
185,acer,15.6,AMD Ryzen 5 2400G,20 TB,128GB,Acer Extensa,Eclipse Gray,90NR08A5-M00430,DDR5,0,No,NVIDIA GeForce RTX RTX 3050,Gaming,Dual speakers,"FHD, Value IPS-level, anti-glare display ( Brightness 250nits, NTSC % 45%, SRGB % 62.5%)",200W AC Adapter,Backlit Chiclet Keyboard 4-Zone RGB
186,lenovo,0,Intel Core i3-1125G4,20 TB,128GB,Idea Pad slim 3i,Noble Red,71008300055,LPDDR4X,0,No,Intel Integrated Iris Plus,"Everyday Use, Processing & Multitasking",Built-in Speaker,"Full HD IPS Display ( 300nits peak brightness, 100% sRGB, NTSC 72%)",65W AC Adapter,Backlit Keyboard
187,ASUS,15.6,Intel Core i5-7500,16 TB,128GB,ASUS -ROG Strix G17,Off Black,90NR0872-M005S0,DDR5,1,No,NVIDIA GeForce RTX 3070 Ti,Gaming,Built-in Speaker,"WQHD Refresh Rate 240Hz, Response Time (G2G) 3ms, Viewing Angle 85/85/85/85, IPS-level, Brightness 300, Anti-glare display",,Backlit Chiclet Keyboard Per-Key RGB
188,DELL,14,Intel Core i7-8557U,16 TB,128GB,Dell inspiron 16,Black,90NB0V61-M01920,DDR4,1,No,NVIDIA GeForce RTX 3050,Processing & Multitasking,Built-in Speaker,"2.8K, OLED (0.2ms response time, 90Hz refresh rate, 600nits peak brightness,100% DCI-P3 color gamut)",120W AC Adapter,Backlit Chiclet Keyboard
189,acer,14,Intel Xeon E3-1515M v5,20 TB,64GB,Aspier 5 ,Black,90NB0V51-M01440,DDR4,0,No,NVIDIA GeForce RTX 3050 Ti,Gaming,Built-in Speaker,"2.8K OLED (16:10 aspect ratio, 0.2ms response time, 90Hz refresh rate, 600nits peak brightness, 100% DCI-P3 color gamut)",120W AC Adapter,Backlit Chiclet Keyboard
190,ASUS,15.6,Intel Xeon E3-1505M v5,20 TB,64GB,ASUS -TUF Gaming A1,Black,90NB0V51-M00810,DDR4,1,No,NVIDIA GeForce RTX 3050,Processing & Multitasking,Yes,"2.8k OLED (600nits peak brightness, 100% DCI-P3 color gamut)",45 W AC Adapter,Backlit Chiclet Keyboard
191,DELL,14,Intel Core i7-6870HQ,20 TB,64GB,Dell Vostro3510,Black,90NB0V81-M02160,DDR4,1,No,NVIDIA GeForce RTX 3050,Processing & Multitasking,Built-in Speaker,"4K OLED (0.2ms response time, 550nits peak brightness, 100% DCI-P3 color gamut)",120W AC Adapter,Backlit Chiclet Keyboard
192,realme,14,Intel Core i9-12900K,16 TB,128GB,Real Book Pro,Lilac Mist,90NB0SL2-M008J0,LPDDR4X,1,No,Intel Integrated Iris Xe Graphics,Processing & Multitasking,Built-in speaker,"FHD, OLED (550nits peak brightness, 100% DCI-P3 color gamut)",65W AC Adapter,Backlit Chiclet Keyboard
193,HP,15.6,AMD Ryzen 5 5500 ,16 TB,128GB,HP Omen 16,Jade Black,90NB0V31-M002Z0,LPDDR4X,1,Yes,AMD Radeon AMD Radeon Graphics,Processing & Multitasking,Built-in speaker,"OLED, (550nits peak brightness, 100% DCI-P3 color gamut)",100W AC Adapter,Backlit Chiclet Keyboard
194,ASUS,15.6,AMD Ryzen 5 5600,16 TB,64GB,ASUS -ROG Strix G17,Transparent Silver,90NB0TT1-M17220,DDR4,1,No,Intel Integrated Iris Xe,Processing & Multitasking,Built-in Speaker,"FHD LED Backlit, IPS-level Panel, 250nits, 45% NTSC Color Gamut, Anti-glare display",45 W AC Adapter,Chiclet Keyboard
195,Lenovo,15.6,Intel Core i9-10980XE,20 TB,64GB,Idea slim i5,Lilac Mist,90NB0SL2-M008K0,LPDDR4X,1,No,Intel Integrated Iris Xe Graphics,Processing & Multitasking,Built-in speaker,"FHD, OLED (550nits peak brightness, 100% DCI-P3 color gamut)",65W AC Adapter,Backlit Chiclet Keyboard
196,HP,15.6,Intel Core i9-9980XE,20 TB,128GB,HP pavilion 15-cs1052TX,Black,ICC-D585033WIN8,DDR4,1,No,Intel Integrated UHD Graphics,Everyday Use,Yes,"FHD, WVA AG Narrow Border",45 W AC Adapter,English International Non Backlit Keyboard
197,APPLE,13.3,AMD Ryzen Threadripper 2950X,20 TB,128GB,MacBook Pro,Pine Grey,90NB0SL1-M00AJ0,LPDDR4X,1,No,Intel Integrated Iris Xe Graphics,Processing & Multitasking,Built-in speaker,"FHD, OLED (550nits peak brightness, 100% DCI-P3 color gamut)",65W AC Adapter,Backlit Chiclet Keyboard
198,APPLE,13.3,AMD Ryzen 5 7600X,16 TB,128GB,MacBook Pro,Transparent Silver,90NB0TT1-M17190,DDR4,1,No,Intel Integrated UHD Graphics,Processing & Multitasking,Built-in speaker,"FHD, (Brightness 220nits, 45% NTSC color gamut)",45W AC Adapter,Chiclet Keyboard
199,DELL,15.6,Intel Core i7-12700H,20 TB,128GB,Dell inspiron 16,Platinum Silver,D560530WIN9S,DDR4,1,No,AMD Radeon AMD,Everyday Use,Yes,Full HD WVA AG Narrow Border,45 W AC Adapter,English International Non Backlit Keyboard
200,acer,15.6,Intel Core i9-celeron,20 TB,128GB,Asiper 3,Jet Black,637S4PA#ACJ,DDR4,1,No,Intel Integrated UHD,"Everyday Use, Processing & Multitasking",Built-in Dual Speakers,"HD micro-edge, BrightView, Brightness: 250 nits, 112 ppi, Color Gamut: 45%NTSC",45 W AC Adapter,"Full-size, Jet Black Keyboard"
201,ASUS,15.6,Intel Core i9-11900K,20 TB,128GB,ASUS -TUF Gaming A1,Pine Grey,90NB0SL1-M00AK0,LPDDR4,1,No,Intel Integrated Iris Xe Graphics,Processing & Multitasking,Built-in speaker,"FHD, OLED (550nits peak brightness, 100% DCI-P3 color gamut)",65W AC Adapter,Backlit Chiclet Keyboard
202,MSI,14,AMD Ryzen 7 7700X,16 TB,128GB,Galaxy Book2 Pro,Pine Grey,90NB0SL1-M00AL0,LPDDR4X,0,No,Intel Integrated Iris Xe Graphics,Processing & Multitasking,Built-in speaker,"FHD, OLED (550nits peak brightness, 100% DCI-P3 color gamut)",65W AC Adapter,Backlit Chiclet Keyboard
203,MSI,14,Intel Core i9-10900K,16 TB,128GB,Galaxy Book2 Pro,Jade Black,90NB0V31-M003A0,LPDDR4X,0,Yes,AMD Radeon AMD Radeon Graphics,Processing & Multitasking,Built-in speaker,"OLED, (550nits peak brightness, 100% DCI-P3 color gamut)",100W AC Adapter,Backlit Chiclet Keyboard
204,DELL,14,AMD Ryzen 9 7900X,16 TB,64GB,Dell latitude 3560,Dune,D552191WIN9D,DDR4,1,No,Intel Integrated UHD Graphics,Everyday Use,Yes,FHD WVA AG Narrow Border,45 W AC Adapter,English International Backlit Keyboard
205,HP,13.3,Intel Core i9-10850K,16 TB,128GB,HP specture x360,Black,494P2PA,DDR4,0,No,NVIDIA GeForce GTX Nvidia,Gaming,Built-in Dual Speakers,Full HD,90W AC Adapter,"Full-size, backlit, mica silver keyboard with numeric keypad"
206,ASUS,14.1,Intel Core i7-11700K,20 TB,128GB,ASUS -ROG Strix G17,Black,NX.EFTSI.005,DDR4,1,No,Intel Integrated UHD 605,"Entertainment, Everyday Use, Performance, Processing & Multitasking, Travel & Business",Built-in dual stereo speakers,Full HD high-brightness Acer ComfyView LED-backlit TFT LCD,45 W AC Adapter,"103-/104-/107-key FineTip keyboard with independent standard numeric keypad, international language support, power button"
207,Lenovo,14,Apple M1 Max,20 TB,128GB,Think pad E14,Charcoal Black,NX.EGJSI.00E,DDR4,1,No,Intel Integrated UHD,"Entertainment, Everyday Use, Performance, Processing & Multitasking, Travel & Business",Built-in dual stereo speakers,Full HD high-brightness Acer ComfyView LED-backlit TFT LCD,45 W AC Adapter,"100-/101-/104-key FineTip keyboard with independent numeric keypad, international language support, and power button"
208,DELL,14,Apple M1 Pro,20 TB,64GB,Dell inspiron 16,Pure Silver,NX.ADDSI.00N,DDR4,0,No,Intel Integrated UHD Graphics,"Entertainment, Everyday Use, Gaming, Performance, Processing & Multitasking, Travel & Business",Built-in Dual Speakers,"Full HD, Acer ComfyView LED-backlit TFT LCD, 16:9 aspect ratio",45 W AC Adapter,100-/101-/104-key FineTip keyboard with independent numeric keypad
209,acer,15.6,Intel Core i9-10910,16 TB,128GB,Asiper 3,"Black, Blue",48V01PA,DDR4,1,No,NVIDIA GeForce RTX NVIDIA,Gaming,Built-in Dual Speakers,Full HD,90W AC Adapter,"Full-size, backlit, mica silver keyboard with numeric keypad"
210,ASUS,15.6,Intel Core i9-11980HK,16 TB,64GB,ASUS -TUF Gaming A1,Pure Silver,NX.ADDSI.00K,DDR4,1,No,Intel Integrated Iris Xe Graphics,"Entertainment, Everyday Use, Gaming, Performance, Processing & Multitasking, Travel & Business",Built-in Dual Speakers,"FHD, Acer ComfyView LED-backlit TFT LCD, 16:9 aspect ratio",45 W AC Adapter,100-/101-/104-key FineTip keyboard with independent numeric keypad
211,DELL,14,AMD Ryzen5 7600HX,20 TB,64GB,Dell inspiron 16,Charcoal Black,UN.HVVSI.012,DDR4,1,No,AMD Radeon AMD,"Entertainment, Everyday Use, Performance, Processing & Multitasking, Travel & Business",Built-in dual stereo speakers,HD high-brightness Acer ComfyView LED-backlit TFT LCD,45 W AC Adapter,83-/84-/87-key Acer FineTip keyboard with international language support
212,Lenovo,0,AMD Ryzen Threadripper 2920X,20 TB,128GB,Think pad E14,Graphite Grey,82FG01B5IN,DDR4,0,No,Intel Integrated Iris Xe Graphics,Processing & Multitasking,Built in dual stereo speakers,"FHD, IPS (300 nits Anti-glare, 45% NTSC)",65W,"Backlit, English"
213,ASUS,0,Intel Core i9-11900H,20 TB,128GB,ASUS -ROG Strix G17,Platinum Grey,81X800J3IN,DDR4,0,No,Intel Integrated UHD Graphics,Processing & Multitasking,Stereo speakers,"FHD, IPS 250nits Anti-glare",65W Round Tip,"Non-backlit, English"
214,APPLE,13.3,AMD Ryzen 9 5900HX,20 TB,128GB,MacBook Pro,Platinum Grey,81WB01DFIN,DDR4,1,No,Intel Integrated UHD Graphics,Processing & Multitasking,Stereo speakers,"FHD,IPS 250nits Anti-glare",45W Round Tip,"Non-backlit, English"
215,ASUS,14,AMD Ryzen Threadripper 1950X,16 TB,128GB,ASUS -EB520,Arctic Grey,82H701ASIN,DDR4,1,No,Intel Integrated Iris Xe Graphics,Processing & Multitasking,Stereo speakers,"FHD, IPS (300nits Anti-glare, 45% NTSC)",65W Round Tip,"Backlit, English"
216,HP,15.6,AMD Ryzen 9 5980HS,16 TB,128GB,HP notebook 16,Transparent Silver,K413EA-EB311WS(K413E),DDR4,1,No,Intel Integrated Intel UHD Graphics for 11th Gen Intel Processors,"Travel & Business, Processing & Multitasking, Performance, Everyday Use, Entertainment",Audio by ICEpower? Built-in speaker Built-in microphone harman/kardon (Mainstream) with Cortana support,"14.0-inch, FHD (1920 x 1080) 16:9 aspect ratio, IPS-level Panel, 250nits, 45% NTSC color gamut, Anti-glare display, Screen-to-body ratio: 84 ?",,Backlit Chiclet Keyboard
217,HP,14,Apple M1 Pro 8-Core,20 TB,128GB,HP specture x360,Transparent Silver,X515MA-BR001W,DDR4,1,No,Intel Integrated Intel UHD Graphics 600,Everyday Use,SonicMaster Audio by ICEpower? Built-in speaker Built-in microphone with Cortana support,"15.6-inch, HD (1366 x 768) 16:9 aspect ratio,200nits, 45% NTSC color gamut, Anti-glare display, Screen-to-body ratio: 83 ?","33W AC Adapter, Output: 19V DC, 1.75A, 33W, Input: 100-240V AC 50/60Hz universal",Chiclet Keyboard with Num-key
218,APPLE,14.2,Intel Core i9-11950H,20 TB,64GB,MacBook Pro,Storm Grey,82L700D1IN,DDR4,1,No,AMD Radeon Radeon,Processing & Multitasking,Built-in Dual Stereo Speakers,"2.2K (OLED), IPS, 300 nits Brightness, Anti-glare, 60 Hz Refresh Rate, 100% sRGB",65 W USB-C (3-pin),"Backlit, English"
219,HP,14,Intel Xeon W-11955M,20 TB,64GB,HP pavilion 15-cs1052TX,Graphite Grey,82FE00AVIN,DDR4,0,No,Intel Integrated Integrated Intel Iris Xe Graphics,"Performance, Entertainment, Everyday Use, Processing & Multitasking, Travel & Business","Stereo speakers, 2W x2, Dolby Audio","14"" FHD (1920x1080) IPS 300nits Anti-glare, 45% NTSC",45 W AC Adapter,"Backlit, English"
220,APPLE,14.2,AMD Ryzen 7 3800XT,16 TB,64GB,MacBook Pro,Black,9S7-158212-478,DDR4,1,No,NVIDIA GeForce RTX 3050,"Processing & Multitasking, Gaming",2 x 2 W Speakers,Full HD IPS Display (45% NTSC Color Gamut),150 W AC Adapter,Single Backlit Keyboard (Red)
221,ASUS,15.6,Intel Core i7-11850H,16 TB,128GB,ASUS -TUF Gaming A1,Carbon Gray,9S7-14DL24-045,DDR4,1,No,AMD Radeon AMD Radeon Graphics,"Processing & Multitasking, Travel & Business",Built-in Dual Speakers,"14 Inch Full HD, 60Hz 45%NTSC IPS-Level",65W adapter,"Backlight Keyboard (Single-Color, White)"
222,APPLE,16.2,AMD Ryzen 9 5900HS,16 TB,128GB,MacBook Pro,Jet Black,536C2PA#ACJ,DDR4,1,No,Intel Integrated UHD,"Everyday Use, Processing & Multitasking",Built-in Dual Speakers,"Full HD, micro-edge, anti-glare, Brightness: 250 nits, 141 ppi, Color Gamut: 45%NTSC",45 W AC Adapter,"Full-size, Jet Black Keyboard with Numeric Keypad"
223,APPLE,16.2,AMD Ryzen 7 3700X,20 TB,64GB,MacBook Pro,Phantom Grey with speckles,D560730WIN9W,DDR4,1,No,NVIDIA GeForce RTX 3060,Gaming,Yes,Full HD WVA AG 300 nits 165Hz Narrow Border,45 W AC Adapter,English International Backlit Keyboard Orange
224,Lenovo,15,Intel Core i9-9900KS,16 TB,64GB,Think pad E14,Dark Shadow Grey,D560639WIN9B,DDR4,1,No,NVIDIA GeForce RTX 3050 Ti,Gaming,Yes,Full HD WVA AG 250 nits 120Hz Narrow Border,45 W AC Adapter,English International Backlit Keyboard Orange
225,DELL,14,Intel Core i7-10700K,20 TB,128GB,Dell Vostro3510,Dark Shadow Grey,D560728WIN9B,DDR4,1,No,NVIDIA GeForce RTX 3050 Ti,Gaming,Yes,Full HD WVA AG 250 nits 120Hz Narrow Border,45 W AC Adapter,English International Backlit Keyboard Orange
226,DELL,14.96,Intel Core i9-9900K,20 TB,128GB,Dell latitude 3560,Black,9S7-158212-476,DDR4,0,No,NVIDIA GeForce RTX 3050Ti,"Processing & Multitasking, Gaming",2 x 2 W Speakers,Full HD IPS Display (45% NTSC Color Gamut),150 W AC Adapter,Single Backlit Keyboard (Red)
227,ASUS,14,AMD Ryzen 5 5600X,20 TB,128GB,ASUS -EB520,Dark Shadow Grey,D560640WIN9B,DDR4,1,No,NVIDIA GeForce RTX 3050Ti,Gaming,Yes,Full HD WVA AG 250 nits 120Hz Narrow Border,45 W AC Adapter,English International Backlit Keyboard Orange
228,ASUS,15.6,Intel Core i5-11600K,16 TB,128GB,ASUS -ROG Strix G17,Carbon Gray,9S7-155L26-201,DDR4,0,No,AMD Radeon AMD Radeon?,Processing & Multitasking,Built-in Dual Speakers,"15.6"" FHD (1920x1080), IPS-Level",65W adapter,"Backlight Keyboard (Single-Color, White)"
229,APPLE,16.2,Intel Core i7-11800H,20 TB,128GB,MacBook Pro,Silver,546K3PA,DDR4,1,No,Intel Integrated,Everyday Use,Built-in Dual Speakers,Full HD,90W AC Adapter,"Full-size, backlit, mica silver keyboard with numeric keypad"
